"ツイートID","ツイートの固定リンク","ツイート本文","時間","インプレッション","エンゲージメント","エンゲージメント率","リツイート","返信","いいね","ユーザープロフィールクリック","URLクリック数","ハッシュタグクリック","詳細クリック","固定リンクのクリック数","アプリ表示","アプリインストール","フォローしている","ツイートをメール送信","ダイアル式電話","メディアの再生数","メディアのエンゲージメント数","プロモのインプレッション","プロモのエンゲージメント","プロモのエンゲージメント率","プロモのリツイート","プロモの返信","プロモのいいね","プロモのユーザープロフィールクリック","プロモのURLクリック数","プロモのハッシュタグクリック","プロモの詳細クリック","プロモの固定リンクのクリック数","プロモのアプリ表示","プロモのアプリインストール","プロモのフォローしている","プロモのツイートをメール送信","プロモのダイアル式電話","プロモのメディアの再生数","プロモのメディアのエンゲージメント数"
"1466527907644428292","https://twitter.com/EHTylQ2g0nv6J00/status/1466527907644428292","稼ぐ活動始めて14ヶ月目の活動報告記事です。
この月の主な成果は以下のとおり。
・Webブラウザゲームの雛形開発
・ブログで2ヶ月連続月収4桁以上達成
・新規案件獲得

未経験から稼ぐ活動始めて約1年、ちょくちょく案件取れるようになった気がします😆

#ブログ","2021-12-02 22:01 +0000","144.0","11.0","0.0763888888888889","0.0","1.0","6.0","1.0","0.0","0.0","3.0","0.0","0","0","0","0","0","0","0","-","-","-","-","-","-","-","-","-","-","-","-","-","-","-","-","-","-"
"1466361674278273024","https://twitter.com/EHTylQ2g0nv6J00/status/1466361674278273024","Firebaseを用いて新しいアプリを作ろうとしたら、「This dependency was not found…」というエラーが発生😨
原因究明に時間かかったので、対処法を記事にまとめました。
私の場合、Firebaseのバージョンが原因だった模様。
8系から9系で記法が結構変わってる？

https://t.co/kN4dedLWxy

#ブログ","2021-12-02 11:00 +0000","67.0","5.0","0.07462686567164178","0.0","0.0","2.0","1.0","2.0","0.0","0.0","0.0","0","0","0","0","0","0","0","-","-","-","-","-","-","-","-","-","-","-","-","-","-","-","-","-","-"
"1466312781431382016","https://twitter.com/EHTylQ2g0nv6J00/status/1466312781431382016","この1ヶ月間、Twitterでブログ記事紹介してきました。
12/1時点の状況は以下のとおり。
■ブログ
・ユーザー：3482
・PV：5261
・検索アクセス：3080
・SNSからの流入：205
■SNS（ツイッター）
・フォロー：100
・フォロワー：156

先月と比較した結果、ブログPV・SNSフォロワーともに増加しました！ https://t.co/5DgR7k3Ff5","2021-12-02 07:46 +0000","101.0","17.0","0.16831683168316833","0.0","0.0","1.0","0.0","0.0","0.0","16.0","0.0","0","0","0","0","0","0","0","-","-","-","-","-","-","-","-","-","-","-","-","-","-","-","-","-","-"
"1466241047810514946","https://twitter.com/EHTylQ2g0nv6J00/status/1466241047810514946","Progateやるなら、Ruby on Railsコースはやるべきだと思います。
なぜなら、難易度が高いから🤣
そのために、まずはRubyコースを学習しましょう！

私のRubyコースの勉強時間と体験談を記事にしました。
JavaScriptコースと比べれば、簡単だと思います。

https://t.co/w4NhdH1Kj9

#ブログ #Progate","2021-12-02 03:01 +0000","129.0","14.0","0.10852713178294573","0.0","0.0","10.0","1.0","2.0","0.0","1.0","0.0","0","0","0","0","0","0","0","-","-","-","-","-","-","-","-","-","-","-","-","-","-","-","-","-","-"
"1466165405144260622","https://twitter.com/EHTylQ2g0nv6J00/status/1466165405144260622","知り合いから「モントワール 7Dドライマンゴー＆パイン」をオススメされました。
興味が湧いたので、最安で購入する方法がないか、相場を調べて記事にしました。
ポイント還元を加味すると、楽天が最安かな？

https://t.co/VU3KZqvjn3

#ブログ","2021-12-01 22:00 +0000","80.0","6.0","0.075","0.0","1.0","2.0","1.0","1.0","0.0","1.0","0.0","0","0","0","0","0","0","0","-","-","-","-","-","-","-","-","-","-","-","-","-","-","-","-","-","-"
"1465999276954247168","https://twitter.com/EHTylQ2g0nv6J00/status/1465999276954247168","これからブログを始める方へ。
ブログ初心者のうちは、WordPressテーマはCocoonがオススメ！
その理由について、以下の記事にまとめてますが、一番の理由はブログの継続が難しいからです。
テーマにお金を払う前に、無料のCocoonで継続できるか挑戦してみましょう！

https://t.co/INcUxfEMWB
#ブログ","2021-12-01 11:00 +0000","67.0","0.0","0.0","0.0","0.0","0.0","0.0","0.0","0.0","0.0","0.0","0","0","0","0","0","0","0","-","-","-","-","-","-","-","-","-","-","-","-","-","-","-","-","-","-"
"1465947469364097026","https://twitter.com/EHTylQ2g0nv6J00/status/1465947469364097026","11/29,30
・リサーチ、仕入れ
・案件対応

GASで6分の壁を超えることに成功！

#やったことリスト #今日の積み上げ","2021-12-01 07:34 +0000","109.0","15.0","0.13761467889908258","0.0","1.0","7.0","0.0","0.0","0.0","7.0","0.0","0","0","0","0","0","0","0","-","-","-","-","-","-","-","-","-","-","-","-","-","-","-","-","-","-"
"1465878731126366212","https://twitter.com/EHTylQ2g0nv6J00/status/1465878731126366212","WordPressテーマをCocoonからSWELLに移行するときの注意点を記事にまとめました。
私の場合、Cocoonで82記事作成していたため、移行はかなり大変でした💦
とくに、カスタムCSSとカスタムJavaScriptのコピーとってなかったのは後悔しました😅

https://t.co/QwED7QZaTf

#ブログ #SWELL","2021-12-01 03:01 +0000","110.0","2.0","0.01818181818181818","0.0","0.0","0.0","0.0","2.0","0.0","0.0","0.0","0","0","0","0","0","0","0","-","-","-","-","-","-","-","-","-","-","-","-","-","-","-","-","-","-"
"1465802972890378251","https://twitter.com/EHTylQ2g0nv6J00/status/1465802972890378251","ワンナイト人狼の８人プレイ（狂人あり）の戦略考察記事を書きました。
人狼系ゲームは狂人の役職を入れると、立ち回りが複雑になり、面白くなりますね。
あと、人狼陣営を少しだけ強くしたい時のバランス調整にも狂人は最適です。

https://t.co/GJcylGXvpi

#ブログ #ワンナイト人狼","2021-11-30 22:00 +0000","255.0","4.0","0.01568627450980392","0.0","0.0","3.0","1.0","0.0","0.0","0.0","0.0","0","0","0","0","0","0","0","-","-","-","-","-","-","-","-","-","-","-","-","-","-","-","-","-","-"
"1465636977743642626","https://twitter.com/EHTylQ2g0nv6J00/status/1465636977743642626","稼ぐ活動始めて13ヶ月目の活動報告記事です。
この月の主な成果は以下のとおり。
・ブログで月間4,000PV＆月収5桁達成
・WordPressテーマをSWELLに移行
・コンサルで初収益達成

これで私も月収5桁ブロガー🤣（ただし、今月のみの模様😇）

https://t.co/95xTe1JwH3

#ブログ","2021-11-30 11:01 +0000","109.0","6.0","0.05504587155963303","0.0","0.0","4.0","0.0","2.0","0.0","0.0","0.0","0","0","0","0","0","0","0","-","-","-","-","-","-","-","-","-","-","-","-","-","-","-","-","-","-"
"1465516264877867010","https://twitter.com/EHTylQ2g0nv6J00/status/1465516264877867010","プログラミング未経験者だった私が、ProgateのjQueryコースの勉強時間と体験談を記事にしました。
jQueryを学習すべきかは賛否両論分かれると思います。
ただ、見栄えするページが短期間の学習で作れるため、初心者の方はモチベに繋がるコースだと思います。
https://t.co/W7BCDGCMbm
#ブログ #Progate","2021-11-30 03:01 +0000","116.0","13.0","0.11206896551724138","0.0","0.0","13.0","0.0","0.0","0.0","0.0","0.0","0","0","0","0","0","0","0","-","-","-","-","-","-","-","-","-","-","-","-","-","-","-","-","-","-"
"1465440610962313216","https://twitter.com/EHTylQ2g0nv6J00/status/1465440610962313216","ProgateのJavaScriptコースの勉強時間と体験談を記事にまとめました。
未経験からプログラミング学習を始めた方にとって、このコースは挫折することが多いと思います。
最初はわからないことだらけですが、継続すれば段々扱えるようになります！

https://t.co/azuKtcHPJB

#ブログ #Progate","2021-11-29 22:00 +0000","190.0","16.0","0.08421052631578947","0.0","0.0","13.0","0.0","3.0","0.0","0.0","0.0","0","0","0","0","0","0","0","-","-","-","-","-","-","-","-","-","-","-","-","-","-","-","-","-","-"
"1465274508303306752","https://twitter.com/EHTylQ2g0nv6J00/status/1465274508303306752","Progate全コース完走し、ある程度復習した私のProgateのレベルは355です。
そんな私のProgate HTML&amp;CSSコースの勉強時間について、記事を書きました。
これからProgate始める方の参考になるかもしれません。

https://t.co/KOixrA4Cfn

#ブログ #Progate","2021-11-29 11:00 +0000","153.0","15.0","0.09803921568627451","0.0","0.0","13.0","1.0","1.0","0.0","0.0","0.0","0","0","0","0","0","0","0","-","-","-","-","-","-","-","-","-","-","-","-","-","-","-","-","-","-"
"1465153669335240706","https://twitter.com/EHTylQ2g0nv6J00/status/1465153669335240706","稼ぐ活動始めて12ヶ月目の活動報告記事です。
この月の主な成果は以下のとおり。
・Nuxtアプリのテストリリース
・ブログで月間3,000PV達成
・コンサル案件獲得

ブログは1,000PV超えてから、PV増加傾向にあります😆
また、コンサル案件を初獲得しました！

https://t.co/CXPByssI6p

#ブログ","2021-11-29 03:00 +0000","82.0","6.0","0.07317073170731707","0.0","0.0","1.0","1.0","4.0","0.0","0.0","0.0","0","0","0","0","0","0","0","-","-","-","-","-","-","-","-","-","-","-","-","-","-","-","-","-","-"
"1465128841664368645","https://twitter.com/EHTylQ2g0nv6J00/status/1465128841664368645","11/28
・Python学習
・案件応募

最近案件に応募することが増えてきて、仕事を得るための応募に対する精神的ハードルが下がった気はする。
もっと数をこなして経験積んでいきたい…。

#やったことリスト #今日の積み上げ","2021-11-29 01:21 +0000","114.0","13.0","0.11403508771929824","0.0","1.0","7.0","0.0","0.0","1.0","4.0","0.0","0","0","0","0","0","0","0","-","-","-","-","-","-","-","-","-","-","-","-","-","-","-","-","-","-"
"1465078130222239744","https://twitter.com/EHTylQ2g0nv6J00/status/1465078130222239744","ConoHaのレンタルサーバーで始めて、SSL有効化ができないという方。
サイトのURLの末尾が「https://t.co/pBznhMiK9d」になっていませんか？
ConoHaでSSL有効化できない状況の対処法を記事にしました。

https://t.co/YPWF6Dm3PG

#ブログ #SSL #ConoHa","2021-11-28 22:00 +0000","95.0","3.0","0.031578947368421054","0.0","0.0","0.0","0.0","2.0","1.0","0.0","0.0","0","0","0","0","0","0","0","-","-","-","-","-","-","-","-","-","-","-","-","-","-","-","-","-","-"
"1464923878686224387","https://twitter.com/EHTylQ2g0nv6J00/status/1464923878686224387","11/27
・Python学習
・商品発送手続き

せどりで溜まった段ボールの整理が大変でした💦

#やったことリスト #今日の積み上げ","2021-11-28 11:47 +0000","95.0","10.0","0.10526315789473684","0.0","1.0","5.0","0.0","0.0","0.0","4.0","0.0","0","0","0","0","0","0","0","-","-","-","-","-","-","-","-","-","-","-","-","-","-","-","-","-","-"
"1464912110329430016","https://twitter.com/EHTylQ2g0nv6J00/status/1464912110329430016","ワンナイト人狼の５人〜７人プレイの戦略考察記事を書きました。
ワンナイト人狼はプレイ人数が多くなるほど、証言から人狼を洗い出すことは難しいです。
そのため、プレイヤー同士の庇い合いなどの繋がり（ライン）を読むことが重要です。

https://t.co/k8CpIcEc85

#ブログ #ワンナイト人狼","2021-11-28 11:00 +0000","61.0","2.0","0.03278688524590164","0.0","0.0","2.0","0.0","0.0","0.0","0.0","0.0","0","0","0","0","0","0","0","-","-","-","-","-","-","-","-","-","-","-","-","-","-","-","-","-","-"
"1464791268421402624","https://twitter.com/EHTylQ2g0nv6J00/status/1464791268421402624","Web職TVで有名ななかじさんが紹介していたシンプルブログデザイン（SBD）をCocoonに導入し、使いやすさを検証した内容を記事にしました。

個人的には「黄色背景＋太字」をワンクリックで実現できるのが便利です😆

https://t.co/1MUITRZMuB

#ブログ #SBD","2021-11-28 03:00 +0000","107.0","3.0","0.028037383177570093","0.0","0.0","1.0","0.0","2.0","0.0","0.0","0.0","0","0","0","0","0","0","0","-","-","-","-","-","-","-","-","-","-","-","-","-","-","-","-","-","-"
"1464715753828282369","https://twitter.com/EHTylQ2g0nv6J00/status/1464715753828282369","稼ぐ活動始めて11ヶ月目の活動報告記事です。
この月の主な成果は以下のとおり。
・せどり用ツール作成
・アフィリエイトで初報酬獲得
・せどり出品制限解除を経験

ツールはポイント差益を表示するツールを作り、今も活躍してます😆

https://t.co/p11MrJezMr

#ブログ","2021-11-27 22:00 +0000","86.0","7.0","0.08139534883720931","0.0","0.0","3.0","0.0","4.0","0.0","0.0","0.0","0","0","0","0","0","0","0","-","-","-","-","-","-","-","-","-","-","-","-","-","-","-","-","-","-"
"1464549686526853121","https://twitter.com/EHTylQ2g0nv6J00/status/1464549686526853121","脱サラして1年間の活動をまとめた記事を書きました。
未経験から1年で900時間以上稼ぐ勉強をして、せどり・ブログ・プログラミングでそれぞれ収益化は達成できました。
しかし、アルバイトの方が稼げるのが実態です。
今後収益を伸ばすのが課題です💪

https://t.co/QE8ZknXGPR

#ブログ","2021-11-27 11:00 +0000","67.0","4.0","0.05970149253731343","0.0","0.0","4.0","0.0","0.0","0.0","0.0","0.0","0","0","0","0","0","0","0","-","-","-","-","-","-","-","-","-","-","-","-","-","-","-","-","-","-"
"1464435434352635907","https://twitter.com/EHTylQ2g0nv6J00/status/1464435434352635907","11/24〜26
・GAS学習
・ブログ構築支援

udemyのブラックフライデーでPythonとUnity関係の教材購入。
興味のある分野をフラフラしてます😅

#やったことリスト #今日の積み上げ","2021-11-27 03:26 +0000","144.0","10.0","0.06944444444444445","0.0","1.0","7.0","0.0","0.0","0.0","2.0","0.0","0","0","0","0","0","0","0","-","-","-","-","-","-","-","-","-","-","-","-","-","-","-","-","-","-"
"1464429227781296128","https://twitter.com/EHTylQ2g0nv6J00/status/1464429227781296128","アマングアスにはマップが複数ありますが、初心者のうちはマップはスケルドがオススメ！
スケルドでのインポスターのキル定石集を作ってみたので、興味のある方は読んでみてください。

https://t.co/9f3dqcy8Ce

#ブログ #AmongUs","2021-11-27 03:01 +0000","305.0","8.0","0.02622950819672131","1.0","0.0","1.0","1.0","3.0","0.0","2.0","0.0","0","0","0","0","0","0","0","-","-","-","-","-","-","-","-","-","-","-","-","-","-","-","-","-","-"
"1464353410812203010","https://twitter.com/EHTylQ2g0nv6J00/status/1464353410812203010","稼ぐ活動始めて10ヶ月目の活動報告記事です。
この月の主な成果は以下のとおり。
・ブログで月間2,000PV達成
・せどりで初売り上げ達成

せどりは始める前は売れるか不安でしたが、一度売り上げが出るとそのマインドブロックが外れた実感あります。

https://t.co/TQpTrWkb5q

#ブログ","2021-11-26 22:00 +0000","68.0","6.0","0.08823529411764706","0.0","0.0","6.0","0.0","0.0","0.0","0.0","0.0","0","0","0","0","0","0","0","-","-","-","-","-","-","-","-","-","-","-","-","-","-","-","-","-","-"
"1464187400138199040","https://twitter.com/EHTylQ2g0nv6J00/status/1464187400138199040","アマングアスのインポスターって難しいですよね…。
私の考えるインポスターのコツを６つ記事にまとめました。
初心者でも実践できる内容に絞ってまとめていますので、インポスターが上手くなりたい方の参考になるかもしれません。

https://t.co/8j4QTZxDFY

#ブログ #AmongUs","2021-11-26 11:00 +0000","153.0","6.0","0.0392156862745098","0.0","0.0","3.0","0.0","3.0","0.0","0.0","0.0","0","0","0","0","0","0","0","-","-","-","-","-","-","-","-","-","-","-","-","-","-","-","-","-","-"
"1464066694570479616","https://twitter.com/EHTylQ2g0nv6J00/status/1464066694570479616","自分のブログの検索順位を調べるとき、シークレットモードは使ってますか？
客観的な順位を調べたいなら、なるべくシークレットモードで検索することをオススメします。
シークレットモードって何？という方向けの記事を書いてみました。

https://t.co/0khZy1ffmZ

#ブログ","2021-11-26 03:01 +0000","64.0","5.0","0.078125","0.0","0.0","2.0","0.0","2.0","0.0","1.0","0.0","0","0","0","0","0","0","0","-","-","-","-","-","-","-","-","-","-","-","-","-","-","-","-","-","-"
"1463991084816961536","https://twitter.com/EHTylQ2g0nv6J00/status/1463991084816961536","私はブログで月間1000PVを達成するまで約９ヶ月かかりました…。

たった1000PVと思われるかもしれませんが、私を含む多くのブロガーが達成に苦労するPV数だと思ってます。
そのため、私の記事も参考になるかと思い、体験談と達成方法を記事にしてみました。

https://t.co/duOCoNIbhm

#ブログ","2021-11-25 22:00 +0000","65.0","5.0","0.07692307692307693","0.0","0.0","2.0","1.0","2.0","0.0","0.0","0.0","0","0","0","0","0","0","0","-","-","-","-","-","-","-","-","-","-","-","-","-","-","-","-","-","-"
"1463824939740545024","https://twitter.com/EHTylQ2g0nv6J00/status/1463824939740545024","田舎に住んでる私は、生ゴミをコンポストに入れて堆肥化しています。
ただ、生ゴミを入れるバケツにコバエが湧くのが悩みでした。
そのため、コバエ対策を調べ、調べた内容を記事にしました。

結果として、コバエコナーズを現在使用してます。

https://t.co/DTpjYEVILU

#ブログ","2021-11-25 11:00 +0000","89.0","3.0","0.033707865168539325","0.0","0.0","2.0","0.0","1.0","0.0","0.0","0.0","0","0","0","0","0","0","0","-","-","-","-","-","-","-","-","-","-","-","-","-","-","-","-","-","-"
"1463705450969395200","https://twitter.com/EHTylQ2g0nv6J00/status/1463705450969395200","udemyのブラックフライデーも残りわずか。
1200円代で購入できる機会は少ないので、興味のあるものがあれば、このタイミングで買うことをオススメします！ https://t.co/1teowuivGl","2021-11-25 03:05 +0000","8474.0","35.0","0.004130280859098418","1.0","0.0","8.0","16.0","0.0","0.0","10.0","0.0","0","0","0","0","0","0","0","-","-","-","-","-","-","-","-","-","-","-","-","-","-","-","-","-","-"
"1463704103842988035","https://twitter.com/EHTylQ2g0nv6J00/status/1463704103842988035","楽天パシャのSPU目的で購入した商品に関するレビュー記事を書いてみました。
なにげに特定キーワードで上位表示できてます🤣

せどり目的で買ったものがブログに活かせた一例です😆

https://t.co/Yk8DRDNHfc

#ブログ #ミルク好きのバナナラテ","2021-11-25 03:00 +0000","163.0","2.0","0.012269938650306749","0.0","0.0","1.0","0.0","0.0","1.0","0.0","0.0","0","0","0","0","0","0","0","-","-","-","-","-","-","-","-","-","-","-","-","-","-","-","-","-","-"
"1463701718152069121","https://twitter.com/EHTylQ2g0nv6J00/status/1463701718152069121","@Hide_denno キャッシュフローはマイナスになりがちですが、初心者でも利益を得やすいですよね😄
収益化はブログやプログラミングより早かったです😆","2021-11-25 02:50 +0000","15.0","5.0","0.3333333333333333","0.0","1.0","4.0","0.0","0.0","0.0","0.0","0.0","0","0","0","0","0","0","0","-","-","-","-","-","-","-","-","-","-","-","-","-","-","-","-","-","-"
"1463628644308643841","https://twitter.com/EHTylQ2g0nv6J00/status/1463628644308643841","中学校でプログラミング教育が必修化されるようですが、子供にはゲーム感覚で楽しくプログラミングを学んでほしいと思います。

そんな中学生にオススメするプログラミング教材を記事にしてみました。
紹介しているのは任天堂のゲームソフトです。

https://t.co/9iwZq5Bk9D

#ブログ #プログラミング","2021-11-24 22:00 +0000","81.0","8.0","0.09876543209876543","0.0","0.0","7.0","0.0","1.0","0.0","0.0","0.0","0","0","0","0","0","0","0","-","-","-","-","-","-","-","-","-","-","-","-","-","-","-","-","-","-"
"1463462639116378115","https://twitter.com/EHTylQ2g0nv6J00/status/1463462639116378115","沈黙のWebライティングを読んで得た知識で、
沈黙のWebライティングに関する記事を書きました。
「沈黙のWebライティング　無料」で上位表示できたので検索してみてください😆
沈黙のWebライティング、オススメです！

https://t.co/NPp3lhOg9f

#ブログ #沈黙のWebライティング","2021-11-24 11:00 +0000","67.0","3.0","0.04477611940298507","0.0","0.0","2.0","0.0","0.0","1.0","0.0","0.0","0","0","0","0","0","0","0","-","-","-","-","-","-","-","-","-","-","-","-","-","-","-","-","-","-"
"1463363982937317376","https://twitter.com/EHTylQ2g0nv6J00/status/1463363982937317376","11/23
・案件対応
・GAS学習
・リサーチ、仕入れ

GAS使ってみて、色々いじれそうだと感じた😄
作業効率化ツールとか作っていきたい！

#やったことリスト #今日の積み上げ","2021-11-24 04:28 +0000","113.0","12.0","0.10619469026548672","0.0","1.0","7.0","0.0","0.0","0.0","4.0","0.0","0","0","0","0","0","0","0","-","-","-","-","-","-","-","-","-","-","-","-","-","-","-","-","-","-"
"1463341918297993221","https://twitter.com/EHTylQ2g0nv6J00/status/1463341918297993221","ワンナイト人狼の記事がある程度増えたため、ブログでよく聞くまとめ記事を作ってみました。

書き方の問題はあるでしょうが、まとめ記事のSEOが強いかというとそうでもなく…😂
まとめ記事を上手に書くスキルを身につけようと思いました🤣

https://t.co/Sw5zSQVJFD

#ブログ #ワンナイト人狼","2021-11-24 03:01 +0000","60.0","1.0","0.016666666666666666","0.0","0.0","1.0","0.0","0.0","0.0","0.0","0.0","0","0","0","0","0","0","0","-","-","-","-","-","-","-","-","-","-","-","-","-","-","-","-","-","-"
"1463266347790610432","https://twitter.com/EHTylQ2g0nv6J00/status/1463266347790610432","脱サラした無職（つまり私）に、せどりは以下の５つの点でオススメです。
・要求スキルが低い
・短期間で利益を得られる
・モノの相場に詳しくなる
・生活用品を安く購入できる
・個人で稼ぐ自信が身につく

ただ、資金はある程度必要😅

https://t.co/sB67od4col

#ブログ","2021-11-23 22:00 +0000","61.0","4.0","0.06557377049180328","0.0","1.0","2.0","1.0","0.0","0.0","0.0","0.0","0","0","0","0","0","0","0","-","-","-","-","-","-","-","-","-","-","-","-","-","-","-","-","-","-"
"1463153341450629127","https://twitter.com/EHTylQ2g0nv6J00/status/1463153341450629127","11/22
・ブログ予約投稿設定
・GAS学習
・リサーチ、仕入れ

undertaleのゲーム実況みて、めっちゃ感動した…。
undertaleオススメです！

#やったことリスト #今日の積み上げ","2021-11-23 14:31 +0000","108.0","9.0","0.08333333333333333","0.0","1.0","2.0","0.0","0.0","0.0","6.0","0.0","0","0","0","0","0","0","0","-","-","-","-","-","-","-","-","-","-","-","-","-","-","-","-","-","-"
"1463100173408739335","https://twitter.com/EHTylQ2g0nv6J00/status/1463100173408739335","これからポイントせどりを始めようとされている方へ。

「ポイントせどりを始める前から、ポイントせどりは始まっています！」
詳細は記事にて。

せどりを始めようと考えた時点で、お得に始める方法を調べられる方はせどりに向いていると思います。

https://t.co/DcAaEYGrUB

#ブログ","2021-11-23 11:00 +0000","52.0","0.0","0.0","0.0","0.0","0.0","0.0","0.0","0.0","0.0","0.0","0","0","0","0","0","0","0","-","-","-","-","-","-","-","-","-","-","-","-","-","-","-","-","-","-"
"1462979514510811142","https://twitter.com/EHTylQ2g0nv6J00/status/1462979514510811142","最近人気のパンド（Pan＆）の冷凍パンを5%安く購入する方法について記事にしました。
ひとことで言えば、自己アフィリ（セルフバック）です。
パンドに限らず、自己アフィリは色々使えるのでオススメです。
私も携帯乗り換えで使用しました。

https://t.co/aUBM8DkCyr

#ブログ #パンド","2021-11-23 03:01 +0000","130.0","4.0","0.03076923076923077","0.0","0.0","2.0","1.0","1.0","0.0","0.0","0.0","0","0","0","0","0","0","0","-","-","-","-","-","-","-","-","-","-","-","-","-","-","-","-","-","-"
"1462903835958120456","https://twitter.com/EHTylQ2g0nv6J00/status/1462903835958120456","ワンナイト人狼の流れと進行例を記事にしてみました。
実際の進行の１例を記載しているので、記事を読んで誰が人狼か推理してみるのも面白いかもしれません。

https://t.co/o2db3DqmaZ

#ブログ #ワンナイト人狼","2021-11-22 22:00 +0000","80.0","4.0","0.05","0.0","0.0","4.0","0.0","0.0","0.0","0.0","0.0","0","0","0","0","0","0","0","-","-","-","-","-","-","-","-","-","-","-","-","-","-","-","-","-","-"
"1462737890149269504","https://twitter.com/EHTylQ2g0nv6J00/status/1462737890149269504","ワンナイト人狼の４人プレイの戦略考察を記事にしてみました。
初心者の方は３人または４人プレイが盤面が整理しやすく、理解しやすいです。
人狼以外が嘘をつくことは個人的には推奨しませんが、友人同士のプレイならアリだと思います😆

https://t.co/ZWLTIxr2CE

#ブログ #ワンナイト人狼","2021-11-22 11:01 +0000","68.0","2.0","0.029411764705882353","0.0","0.0","2.0","0.0","0.0","0.0","0.0","0.0","0","0","0","0","0","0","0","-","-","-","-","-","-","-","-","-","-","-","-","-","-","-","-","-","-"
"1462706966170460165","https://twitter.com/EHTylQ2g0nv6J00/status/1462706966170460165","11/21
・ブログ1記事作成

柚子を取ったり、干し柿作り始めたり、久しぶりに農家らしい仕事した😄

#やったことリスト #今日の積み上げ","2021-11-22 08:58 +0000","105.0","12.0","0.11428571428571428","0.0","1.0","8.0","0.0","0.0","0.0","3.0","0.0","0","0","0","0","0","0","0","-","-","-","-","-","-","-","-","-","-","-","-","-","-","-","-","-","-"
"1462616967681277952","https://twitter.com/EHTylQ2g0nv6J00/status/1462616967681277952","稼ぐ勉強始めて９ヶ月目の活動報告記事です。
この月の主な成果は以下のとおり。
・スクレイピング学習
・ブログ1000PV達成
・せどり初納品

この頃からブログのPVが増加してきました😆
継続が大事！
ただ、稼ぐ過程発信ブログから人狼系考察ブログになりつつある🤣
https://t.co/T6cv6dA5za
#ブログ","2021-11-22 03:00 +0000","74.0","4.0","0.05405405405405406","0.0","0.0","2.0","1.0","1.0","0.0","0.0","0.0","0","0","0","0","0","0","0","-","-","-","-","-","-","-","-","-","-","-","-","-","-","-","-","-","-"
"1462541515914645504","https://twitter.com/EHTylQ2g0nv6J00/status/1462541515914645504","ワンナイト人狼の３人プレイの進行例を記事にしてみました。
ワンナイト人狼の進行の仕方が知りたい方の参考になるかもしれません。
でもぶっちゃけ、実際にプレイしてみる方が理解ははやいです🤣🤣🤣

https://t.co/CXsLWbGbNd

#ブログ #ワンナイト人狼","2021-11-21 22:00 +0000","69.0","5.0","0.07246376811594203","0.0","0.0","2.0","1.0","2.0","0.0","0.0","0.0","0","0","0","0","0","0","0","-","-","-","-","-","-","-","-","-","-","-","-","-","-","-","-","-","-"
"1462375362847985667","https://twitter.com/EHTylQ2g0nv6J00/status/1462375362847985667","AmongUsの議論の際、私はなるべく自分の感情や主観は排除するようにしています。
議論でありがちなのは、クルーの自分を疑ってきた人をインポスターだと思い込むこと。
印象論も重要ですが、まずは状況証拠から犯人を洗い出すのが重要です。

https://t.co/RNH8onstYq

#ブログ #AmongUs","2021-11-21 11:00 +0000","61.0","0.0","0.0","0.0","0.0","0.0","0.0","0.0","0.0","0.0","0.0","0","0","0","0","0","0","0","-","-","-","-","-","-","-","-","-","-","-","-","-","-","-","-","-","-"
"1462261326013628429","https://twitter.com/EHTylQ2g0nv6J00/status/1462261326013628429","11/20
・リサーチ、仕入れ
・商品発送手続き
・ブログ予約投稿設定

楽天プレミアムカード、気づいたらカード利用上限が上がってた。
勝手に上がるのか、大分前に増枠申請したのが今反映されたのか…。
とにかく仕入れが増やせるようになったので助かる😄

#やったことリスト #今日の積み上げ","2021-11-21 03:27 +0000","369.0","21.0","0.056910569105691054","0.0","1.0","12.0","1.0","0.0","1.0","6.0","0.0","0","0","0","0","0","0","0","-","-","-","-","-","-","-","-","-","-","-","-","-","-","-","-","-","-"
"1462254602540261381","https://twitter.com/EHTylQ2g0nv6J00/status/1462254602540261381","私は週１ペースでAmongUsをやってます。
初心者の方とも何度か対戦した経験があり、初心者がまず覚えた方が良いと感じたことを記事にしました。
難しい内容はナシにして、簡単かつ重要な５つの点に絞っています。

https://t.co/ZytG4c9E1t

#ブログ #AmongUs","2021-11-21 03:00 +0000","65.0","6.0","0.09230769230769231","0.0","0.0","4.0","0.0","2.0","0.0","0.0","0.0","0","0","0","0","0","0","0","-","-","-","-","-","-","-","-","-","-","-","-","-","-","-","-","-","-"
"1462179096348303360","https://twitter.com/EHTylQ2g0nv6J00/status/1462179096348303360","稼ぐ勉強始めて８ヶ月目の活動報告記事です。
この月の主な成果は以下のとおり。
・Python学習
・ブログ月収3桁
・せどりに着手

新たにせどりにも手を出し始めました。
自分の性格的に複数の仕事をローテーションした方が継続できると感じます😅

https://t.co/Fs0sBfMR7v

#ブログ","2021-11-20 22:00 +0000","80.0","4.0","0.05","0.0","0.0","4.0","0.0","0.0","0.0","0.0","0.0","0","0","0","0","0","0","0","-","-","-","-","-","-","-","-","-","-","-","-","-","-","-","-","-","-"
"1462013535173558276","https://twitter.com/EHTylQ2g0nv6J00/status/1462013535173558276","ミニマリストの生活費は安いイメージありますよね。
でも、私は実家暮らしのコスパが最強だと思ってます！

無職実家暮らしの引きこもりである私の生活費と、ミニマリストの生活費を比較結果を記事にしてみました。

https://t.co/snADwIm9Qk

#ブログ #生活費","2021-11-20 11:02 +0000","232.0","17.0","0.07327586206896551","0.0","0.0","2.0","3.0","11.0","1.0","0.0","0.0","0","0","0","0","0","0","0","-","-","-","-","-","-","-","-","-","-","-","-","-","-","-","-","-","-"
"1461920161347346432","https://twitter.com/EHTylQ2g0nv6J00/status/1461920161347346432","11/17〜19
・ゲーム開発(部屋レイアウト改善)
・リサーチ、仕入れ
・ブログ構築支援
・GAS学習

GASとcheerioでのスクレイピングを試し中。
GASで何か面白いもの作ってみたい🤔

#やったことリスト #今日の積み上げ","2021-11-20 04:51 +0000","107.0","10.0","0.09345794392523364","0.0","1.0","6.0","0.0","0.0","0.0","3.0","0.0","0","0","0","0","0","0","0","-","-","-","-","-","-","-","-","-","-","-","-","-","-","-","-","-","-"
"1461918456001953798","https://twitter.com/EHTylQ2g0nv6J00/status/1461918456001953798","@MIYU_LIBECITY こっそり入室して、まわりを見渡して、そっと退出するのが最近の私の使い方です🤣🤣🤣","2021-11-20 04:44 +0000","59.0","6.0","0.1016949152542373","0.0","1.0","1.0","0.0","0.0","0.0","4.0","0.0","0","0","0","0","0","0","0","-","-","-","-","-","-","-","-","-","-","-","-","-","-","-","-","-","-"
"1461893600510361609","https://twitter.com/EHTylQ2g0nv6J00/status/1461893600510361609","私は未経験からプログラミング始めて約半年で案件１つ受諾できました。
最低限のスキルと信頼があったのが理由と思います。

知らない人に依頼する場合、信頼は0のためスキルが100%です。
そのため、知人繋がりで仕事を受けるのも手です。
つまり、人脈構成も重要😌
https://t.co/OlLasDslOj
#ブログ","2021-11-20 03:06 +0000","55.0","5.0","0.09090909090909091","0.0","0.0","5.0","0.0","0.0","0.0","0.0","0.0","0","0","0","0","0","0","0","-","-","-","-","-","-","-","-","-","-","-","-","-","-","-","-","-","-"
"1461816691361517576","https://twitter.com/EHTylQ2g0nv6J00/status/1461816691361517576","個人で稼ぎたい！と考えた場合、稼ぐ分野のスキルは必須ですが、もう一つ必須のスキルがあります。

それはマーケティングスキルです。

これはどの分野でも必須だと考えてます。
マーケティングを学ぶ際、以下の書籍は凄いわかりやすかったのでオススメです。

https://t.co/b4I5eQ5i0m

#ブログ","2021-11-19 22:00 +0000","60.0","1.0","0.016666666666666666","0.0","0.0","1.0","0.0","0.0","0.0","0.0","0.0","0","0","0","0","0","0","0","-","-","-","-","-","-","-","-","-","-","-","-","-","-","-","-","-","-"
"1461650656780029952","https://twitter.com/EHTylQ2g0nv6J00/status/1461650656780029952","稼ぐ勉強始めて７ヶ月目の活動報告記事です。
この月の主な成果は以下のとおり。
・プログラミングで初収益達成
・チャットアプリ雛形作成

未経験からプログラミング学習をはじめて、1年以内に収益を得られたことで成長を実感できました😆

https://t.co/UvRXnyARaG

#ブログ","2021-11-19 11:00 +0000","94.0","3.0","0.031914893617021274","0.0","0.0","1.0","0.0","2.0","0.0","0.0","0.0","0","0","0","0","0","0","0","-","-","-","-","-","-","-","-","-","-","-","-","-","-","-","-","-","-"
"1461529875869802497","https://twitter.com/EHTylQ2g0nv6J00/status/1461529875869802497","私はブログとプログラミングの両方学習してますが、この２つは相性が良いと思っています。
その１例として、自作プログラムをブログに載せて紹介できることが挙げられます。

実際に簡単なプログラムをブログに載せる方法について、記事にまとめてみました。

https://t.co/lUV31sctvi

#ブログ","2021-11-19 03:00 +0000","59.0","6.0","0.1016949152542373","0.0","0.0","6.0","0.0","0.0","0.0","0.0","0.0","0","0","0","0","0","0","0","-","-","-","-","-","-","-","-","-","-","-","-","-","-","-","-","-","-"
"1461454280272003075","https://twitter.com/EHTylQ2g0nv6J00/status/1461454280272003075","リベ大のYouTubeのマネークイズ動画を見て、プログラミングで再現してブログに載せてみました。
ProgateでHTML/CSS/JavaScriptを学習した方であれば、頑張れば作れるレベルのプログラムだと思います。

ちなみに私のクイズ結果は55点でした😅

https://t.co/XgJ5Bk2uXW

#ブログ #マネークイズ","2021-11-18 22:00 +0000","60.0","7.0","0.11666666666666667","0.0","0.0","6.0","1.0","0.0","0.0","0.0","0.0","0","0","0","0","0","0","0","-","-","-","-","-","-","-","-","-","-","-","-","-","-","-","-","-","-"
"1461288325248327682","https://twitter.com/EHTylQ2g0nv6J00/status/1461288325248327682","Udemyのプログラミング講座のレビュー記事です。
Vueを学んでから、Nuxtにも興味を持ち、Nuxtに関する講座を受講しました。
Nuxtのルーティングが便利すぎて、Vue Routerが使えなくなりました(笑)

https://t.co/8bMqJ1MVcO

#ブログ #Nuxt","2021-11-18 11:01 +0000","122.0","4.0","0.03278688524590164","0.0","0.0","2.0","0.0","2.0","0.0","0.0","0.0","0","0","0","0","0","0","0","-","-","-","-","-","-","-","-","-","-","-","-","-","-","-","-","-","-"
"1461245996919259142","https://twitter.com/EHTylQ2g0nv6J00/status/1461245996919259142","@aineruchiko ブログ読んでくれてたんですね！
めっちゃ嬉しいです😆

またアモアスやりましょう😊","2021-11-18 08:12 +0000","19.0","1.0","0.05263157894736842","0.0","0.0","1.0","0.0","0.0","0.0","0.0","0.0","0","0","0","0","0","0","0","-","-","-","-","-","-","-","-","-","-","-","-","-","-","-","-","-","-"
"1461167492005765126","https://twitter.com/EHTylQ2g0nv6J00/status/1461167492005765126","稼ぐ勉強始めて６ヶ月目の活動報告記事です。
この月の主な成果は以下のとおり。
・Vue＋Firebaseの学習開始
・アドセンスで月収3桁継続達成
・携帯を格安SIMに変更

プログラミングは新しい分野に手を出し始めました。
携帯も自己アフィリで安く変更できました。

https://t.co/nTTvnuiasI

#ブログ","2021-11-18 03:00 +0000","80.0","5.0","0.0625","0.0","0.0","5.0","0.0","0.0","0.0","0.0","0.0","0","0","0","0","0","0","0","-","-","-","-","-","-","-","-","-","-","-","-","-","-","-","-","-","-"
"1461164809869660161","https://twitter.com/EHTylQ2g0nv6J00/status/1461164809869660161","@aineruchiko るちこさん、お誕生日おめでとうございます😆","2021-11-18 02:50 +0000","62.0","4.0","0.06451612903225806","0.0","1.0","1.0","0.0","0.0","0.0","2.0","0.0","0","0","0","0","0","0","0","-","-","-","-","-","-","-","-","-","-","-","-","-","-","-","-","-","-"
"1461091929068871685","https://twitter.com/EHTylQ2g0nv6J00/status/1461091929068871685","私はブログ始めて３ヶ月の間、アドセンスには合格せず、アクセスも１桁という状態でした…。

そんな状態でも、アナリティクスとサーチコンソールに分析のもととなる情報が貯まっていたことで、改善の方針が見えてきました。
この２つはブロガー必須ツールですね😆

https://t.co/rlruuPwYCK
#ブログ","2021-11-17 22:00 +0000","127.0","6.0","0.047244094488188976","0.0","0.0","6.0","0.0","0.0","0.0","0.0","0.0","0","0","0","0","0","0","0","-","-","-","-","-","-","-","-","-","-","-","-","-","-","-","-","-","-"
"1460925977865998340","https://twitter.com/EHTylQ2g0nv6J00/status/1460925977865998340","未経験からのプログラミング学習ならUdemyがオススメ！

Vue.js＋Firebaseの基礎を学びたい方は、とくに以下の記事の講座であれば、短時間で学べます。
無料で受講（価格変更してなければ）できるのもオススメのポイントです。

https://t.co/Jb6POTRq5u

#ブログ #Udemy","2021-11-17 11:01 +0000","128.0","12.0","0.09375","0.0","0.0","3.0","0.0","8.0","0.0","1.0","0.0","0","0","0","0","0","0","0","-","-","-","-","-","-","-","-","-","-","-","-","-","-","-","-","-","-"
"1460866504031801346","https://twitter.com/EHTylQ2g0nv6J00/status/1460866504031801346","11/16
・ゲーム開発(部屋作成)

RPGツクールMZでゲーム作り始めたけど、結構大変…。
ゲーム作ってる人は凄いなと思います。

#やったことリスト #今日の積み上げ","2021-11-17 07:04 +0000","194.0","15.0","0.07731958762886598","1.0","1.0","7.0","0.0","0.0","1.0","5.0","0.0","0","0","0","0","0","0","0","-","-","-","-","-","-","-","-","-","-","-","-","-","-","-","-","-","-"
"1460805568298246158","https://twitter.com/EHTylQ2g0nv6J00/status/1460805568298246158","前にZOOMでピアノ演奏するとき、ミキサーが必要なのかな？とか色々調べたことを記事にまとめました。

私はFA-08使ってますが、その場合はミキサーは必要ありませんでした。

https://t.co/tCyVFDlHLd

#ブログ","2021-11-17 03:02 +0000","60.0","4.0","0.06666666666666667","0.0","0.0","3.0","0.0","1.0","0.0","0.0","0.0","0","0","0","0","0","0","0","-","-","-","-","-","-","-","-","-","-","-","-","-","-","-","-","-","-"
"1460729599743123470","https://twitter.com/EHTylQ2g0nv6J00/status/1460729599743123470","よく友人と遊ぶ「ワンナイト人狼」の３人プレイの戦略考察を記事にしました。
こういうゲームの考察をするの好きです😆

https://t.co/7KTn2zVPQ5

#ブログ #ワンナイト人狼","2021-11-16 22:00 +0000","56.0","3.0","0.05357142857142857","0.0","0.0","2.0","0.0","1.0","0.0","0.0","0.0","0","0","0","0","0","0","0","-","-","-","-","-","-","-","-","-","-","-","-","-","-","-","-","-","-"
"1460563475680440323","https://twitter.com/EHTylQ2g0nv6J00/status/1460563475680440323","稼ぐ勉強始めて５ヶ月目の活動報告記事です。
この月の主な成果は以下のとおり。
・初の月収3桁
・FP3級試験受験(合格)
・Railsアプリ開発

Railsはherokuを活用しましたが、SQLite3非対応っぽくて凄く苦労しました😅
環境構築は今も苦手な分野です💦

https://t.co/tjf66pMWPp

#ブログ","2021-11-16 11:00 +0000","124.0","11.0","0.08870967741935484","0.0","0.0","4.0","2.0","2.0","1.0","2.0","0.0","0","0","0","0","0","0","0","-","-","-","-","-","-","-","-","-","-","-","-","-","-","-","-","-","-"
"1460494466515566598","https://twitter.com/EHTylQ2g0nv6J00/status/1460494466515566598","11/14,15
・ゲーム開発(チュートリアル学習)
・リサーチ、仕入れ
・ブログ1記事作成
・ブログ予約投稿設定

最近勉強時間にバラつきが多いので、毎日安定して勉強できるようになりたい…。

#やったことリスト #今日の積み上げ","2021-11-16 06:26 +0000","106.0","8.0","0.07547169811320754","0.0","1.0","5.0","0.0","0.0","0.0","2.0","0.0","0","0","0","0","0","0","0","-","-","-","-","-","-","-","-","-","-","-","-","-","-","-","-","-","-"
"1460442838311784451","https://twitter.com/EHTylQ2g0nv6J00/status/1460442838311784451","私がアドセンス配信制限がかかったときの原因を調べて記事にまとめました。

調べた中では次の３つが候補に挙げられます。
・アドセンス狩り
・自己クリック
・自己インプレッション

自己インプレッションと考えますが、実際の原因は不明です😅

https://t.co/jKbBousaaf
#ブログ","2021-11-16 03:01 +0000","103.0","5.0","0.04854368932038835","0.0","0.0","3.0","0.0","2.0","0.0","0.0","0.0","0","0","0","0","0","0","0","-","-","-","-","-","-","-","-","-","-","-","-","-","-","-","-","-","-"
"1460367109884907521","https://twitter.com/EHTylQ2g0nv6J00/status/1460367109884907521","コロナ禍の現在、引きこもりの私は自粛ガチ勢ですが、資格試験は密にならざるを得ません😅

私がFP3級試験を受けたときの会場の状況を記事にしてみました。
資格試験会場のコロナ対策が気になる方は参考になるかもしれません。

https://t.co/ziDN8bIbuF

#ブログ #FP試験","2021-11-15 22:00 +0000","176.0","20.0","0.11363636363636363","1.0","0.0","2.0","0.0","17.0","0.0","0.0","0.0","0","0","0","0","0","0","0","-","-","-","-","-","-","-","-","-","-","-","-","-","-","-","-","-","-"
"1460201089278656514","https://twitter.com/EHTylQ2g0nv6J00/status/1460201089278656514","私はブログを始めて、アドセンス審査合格まで約３ヶ月かかりました。
それまでに６回程度不合格になってます😭

合格するために改善したことを記事にまとめましたが、一番は諦めずに申請を続けることが重要です👍

https://t.co/3cQfBtEMnY

#ブログ","2021-11-15 11:00 +0000","154.0","9.0","0.05844155844155844","0.0","0.0","8.0","0.0","1.0","0.0","0.0","0.0","0","0","0","0","0","0","0","-","-","-","-","-","-","-","-","-","-","-","-","-","-","-","-","-","-"
"1460080365901684743","https://twitter.com/EHTylQ2g0nv6J00/status/1460080365901684743","去年auからUQモバイルに乗り換えたとき、できるだけ安く乗り換える方法を調べて記事にまとめました。
現在はpovoもあるため、UQモバイルからの乗り換えも検討していますが、携帯やクレジットカードの契約時は自己アフィリエイトがないか調べることを強く勧めます！

https://t.co/fkGuWcfwt0
#ブログ","2021-11-15 03:01 +0000","702.0","40.0","0.05698005698005698","0.0","0.0","2.0","2.0","36.0","0.0","0.0","0.0","0","0","0","0","0","0","0","-","-","-","-","-","-","-","-","-","-","-","-","-","-","-","-","-","-"
"1460004742260736002","https://twitter.com/EHTylQ2g0nv6J00/status/1460004742260736002","私は2021年1月にFP3級の試験を受けて、学科95％・実技100％の正答率で合格しました。
私の勉強方法については以下の記事でまとめています。

勉強時間は約60時間で、ぶっちゃけそのぐらい時間を確保すればほぼ合格できます👍
教材は1種類で十分です！

https://t.co/bHKLBgmcmp
#ブログ #FP3級","2021-11-14 22:00 +0000","153.0","15.0","0.09803921568627451","0.0","0.0","4.0","1.0","10.0","0.0","0.0","0.0","0","0","0","0","0","0","0","-","-","-","-","-","-","-","-","-","-","-","-","-","-","-","-","-","-"
"1459838677413429248","https://twitter.com/EHTylQ2g0nv6J00/status/1459838677413429248","稼ぐ勉強始めて４ヶ月目の活動報告記事です。
この月は以下の大きな成果がありました。
・Progate全コース学習完了
・ブログのアドセンス合格
・アドセンスで１円収益達成

個人で稼いだ初めての収益は、額は小さくても会社の初任給と同じくらい嬉しい収益でした😆

https://t.co/PvexaLPLLS
#ブログ","2021-11-14 11:00 +0000","150.0","19.0","0.12666666666666668","1.0","0.0","15.0","0.0","2.0","0.0","1.0","0.0","0","0","0","0","0","0","0","-","-","-","-","-","-","-","-","-","-","-","-","-","-","-","-","-","-"
"1459792795468656640","https://twitter.com/EHTylQ2g0nv6J00/status/1459792795468656640","11/13
・簿記学習

ふくしまさんの簿記youtube動画を18(総合演習問題)まで視聴。
勘定科目が思い出せない問題はあるけど、勉強続ければ簿記3級は何とかなりそう。

#やったことリスト #今日の積み上げ","2021-11-14 07:58 +0000","152.0","20.0","0.13157894736842105","0.0","1.0","12.0","1.0","0.0","0.0","6.0","0.0","0","0","0","0","0","0","0","-","-","-","-","-","-","-","-","-","-","-","-","-","-","-","-","-","-"
"1459718229748862983","https://twitter.com/EHTylQ2g0nv6J00/status/1459718229748862983","脱サラ後の無職のスケジュールを記事にしてみました。
会社員時代と比べると大きく次の違いがあります。
・睡眠時間が増えた
・朝食を食べるようになった
・勉強(仕事)の時間が減った
収入は無くなりましたが、健康面は確実にプラスに作用した実感があります。

https://t.co/03C1OmGcJi
#ブログ","2021-11-14 03:02 +0000","76.0","5.0","0.06578947368421052","1.0","0.0","2.0","1.0","1.0","0.0","0.0","0.0","0","0","0","0","0","0","0","-","-","-","-","-","-","-","-","-","-","-","-","-","-","-","-","-","-"
"1459642383419981824","https://twitter.com/EHTylQ2g0nv6J00/status/1459642383419981824","私が脱サラを決意した理由の１つは、貯金が2000万円程度あったからです。
それほど貯金できた理由の１つは、貯蓄率が55％と収入の多くを貯金に回せていたからです。
節約をそこまで意識せず、貯蓄率を高く維持できた方法を以下の記事で紹介しています。

https://t.co/7KAj8aT0UX

#ブログ #貯金","2021-11-13 22:00 +0000","63.0","4.0","0.06349206349206349","0.0","0.0","2.0","0.0","2.0","0.0","0.0","0.0","0","0","0","0","0","0","0","-","-","-","-","-","-","-","-","-","-","-","-","-","-","-","-","-","-"
"1459476295935533058","https://twitter.com/EHTylQ2g0nv6J00/status/1459476295935533058","私のブログは、32歳貯金2000万円で脱サラしても生活可能であることを実践するための、過程発信ブログという位置付けです。

そのため、とりあえずPDCA回していこうと思って書いたのが以下の記事です。
PDCAを回すのって難しいと実感しました😅

https://t.co/V7TfSZBcKM

#ブログ","2021-11-13 11:00 +0000","128.0","7.0","0.0546875","0.0","0.0","1.0","0.0","4.0","0.0","2.0","0.0","0","0","0","0","0","0","0","-","-","-","-","-","-","-","-","-","-","-","-","-","-","-","-","-","-"
"1459439721512275970","https://twitter.com/EHTylQ2g0nv6J00/status/1459439721512275970","11/11,12
・簿記学習
・ブログ構築支援

学習のモチベがまた下がってきたので上げていきたい！

#やったことリスト #今日の積み上げ","2021-11-13 08:35 +0000","119.0","9.0","0.07563025210084033","0.0","1.0","4.0","0.0","0.0","0.0","4.0","0.0","0","0","0","0","0","0","0","-","-","-","-","-","-","-","-","-","-","-","-","-","-","-","-","-","-"
"1459355514521985024","https://twitter.com/EHTylQ2g0nv6J00/status/1459355514521985024","私がクレアール簿記を安く受講するために調べたことをまとめた記事です。
この記事は今でも多くアクセスいただき、自分が真剣に調べてまとめた記事はSEOでも評価されると実感しました。

簿記に合格できたかはナイショ🤫
今も諦めずに勉強はしてます😅

https://t.co/RRVRNUmvoc

#ブログ #簿記","2021-11-13 03:00 +0000","78.0","3.0","0.038461538461538464","0.0","0.0","2.0","0.0","1.0","0.0","0.0","0.0","0","0","0","0","0","0","0","-","-","-","-","-","-","-","-","-","-","-","-","-","-","-","-","-","-"
"1459279906500911106","https://twitter.com/EHTylQ2g0nv6J00/status/1459279906500911106","Progateを有料含めて全コース完走した感想記事です。
…完走した感想記事です！（ダジャレです🥶）

全コース学習にかけた時間は123時間30分でした。
Progateを学習した知識で稼ぐことは難しいですが、就活に使える知識は身についた実感があります。

https://t.co/OWUEvIbOEI

#ブログ #Progate","2021-11-12 22:00 +0000","105.0","16.0","0.1523809523809524","0.0","0.0","13.0","0.0","3.0","0.0","0.0","0.0","0","0","0","0","0","0","0","-","-","-","-","-","-","-","-","-","-","-","-","-","-","-","-","-","-"
"1459113933147721732","https://twitter.com/EHTylQ2g0nv6J00/status/1459113933147721732","稼ぐ活動始めて3ヶ月目の活動報告記事です。
次の理由でこの時が一番挫折しそうな月でした😅
・家庭が忙しい
・モチベが上がらない
・ProgateのRailsコース難しい
・アドセンス審査合格しない

学習時間も最低の月ですが、ここを乗り越えてから成長した気がします。
https://t.co/rZBPL50VkZ
#ブログ","2021-11-12 11:00 +0000","97.0","8.0","0.08247422680412371","0.0","0.0","8.0","0.0","0.0","0.0","0.0","0.0","0","0","0","0","0","0","0","-","-","-","-","-","-","-","-","-","-","-","-","-","-","-","-","-","-"
"1458993564151599116","https://twitter.com/EHTylQ2g0nv6J00/status/1458993564151599116","稼ぐ勉強始めて2ヶ月目の活動報告記事です。
この頃は自分が本当に稼げるようになるか悩みました。
1年経った今は、稼ぎをどう増やすかに悩みがシフトしています。

振り返ってみて、この頃の一番の成長は記事のパーマリンク設定をきちんとするようになったこと(笑)
https://t.co/aOavIdntg7
#ブログ","2021-11-12 03:02 +0000","69.0","4.0","0.057971014492753624","0.0","0.0","1.0","0.0","0.0","0.0","3.0","0.0","0","0","0","0","0","0","0","-","-","-","-","-","-","-","-","-","-","-","-","-","-","-","-","-","-"
"1458917536129499147","https://twitter.com/EHTylQ2g0nv6J00/status/1458917536129499147","大企業の退職金っていくら？

会社によって貰える退職金はバラバラだと思います。
参考までに私の退職金について、ブログにまとめました。
大企業勤めで早期リタイアを目指す人の参考になるかもしれません。

https://t.co/RU8HuafO75

#ブログ","2021-11-11 22:00 +0000","67.0","6.0","0.08955223880597014","0.0","0.0","1.0","0.0","4.0","0.0","1.0","0.0","0","0","0","0","0","0","0","-","-","-","-","-","-","-","-","-","-","-","-","-","-","-","-","-","-"
"1458751586218483719","https://twitter.com/EHTylQ2g0nv6J00/status/1458751586218483719","サラリーマンに向いてない人の特徴５つ！
・頼み事をするのが苦手🙏
・自分の意見を言うのが苦手💬
・嘘や誤魔化しが苦手🗣️
・人付き合いが苦手🤝‍
・仕事が嫌い☠️

ソースは私です（笑）

https://t.co/NSI3b2SVLY

#ブログ","2021-11-11 11:00 +0000","61.0","3.0","0.04918032786885246","0.0","0.0","2.0","0.0","0.0","0.0","1.0","0.0","0","0","0","0","0","0","0","-","-","-","-","-","-","-","-","-","-","-","-","-","-","-","-","-","-"
"1458631197446320139","https://twitter.com/EHTylQ2g0nv6J00/status/1458631197446320139","「脱サラしたら本気で稼ぐ勉強をする！」
脱サラ前の私はそう考えていました。

本気の度合いは人それぞれですが、そんな甘い考えで脱サラした私の勉強時間は1日3〜6時間。
これを多いと感じる方は、稼げる状況を作ってから脱サラした方が良いかも？

https://t.co/hDs15hr1CM

#ブログ","2021-11-11 03:02 +0000","46.0","2.0","0.043478260869565216","0.0","0.0","0.0","1.0","1.0","0.0","0.0","0.0","0","0","0","0","0","0","0","-","-","-","-","-","-","-","-","-","-","-","-","-","-","-","-","-","-"
"1458622061102854147","https://twitter.com/EHTylQ2g0nv6J00/status/1458622061102854147","11/10
・プログラミング(1人プレイ用プログラム作成)
・ブログ記事予約投稿設定
・案件応募

アモアスがアップデートされ、新しい役職が追加されたのでプレイしてみた。
シェイプシフター楽しい😆

#やったことリスト #今日の積み上げ","2021-11-11 02:26 +0000","141.0","15.0","0.10638297872340426","0.0","1.0","6.0","0.0","0.0","0.0","8.0","0.0","0","0","0","0","0","0","0","-","-","-","-","-","-","-","-","-","-","-","-","-","-","-","-","-","-"
"1458555174222549000","https://twitter.com/EHTylQ2g0nv6J00/status/1458555174222549000","無職になって、とくに気にするのは生活費😖

実家暮らしの無職の私の生活費は年間約💯万円！
これは税金含めての計算です。
詳細は下記のブログにて。
節約は意識してますが、元々物欲が少ないため支出が少ない性質なのも理由かもしれません。

https://t.co/9i7b3MknT1

#ブログ #生活費","2021-11-10 22:00 +0000","102.0","6.0","0.058823529411764705","0.0","0.0","4.0","1.0","1.0","0.0","0.0","0.0","0","0","0","0","0","0","0","-","-","-","-","-","-","-","-","-","-","-","-","-","-","-","-","-","-"
"1458389073920413700","https://twitter.com/EHTylQ2g0nv6J00/status/1458389073920413700","「会社を退職したら後悔する」
よく聞く言葉ですが、退職して無職2年生に突入した私はまだ後悔してません。

ブログのとおり、良くも悪くも人の意見を鵜呑みにせず、楽観的に生きていることが要因です。
いずれ後悔するかもですが、退職して得られたものも多いです。
https://t.co/U4qCgAbKFi
#ブログ","2021-11-10 11:00 +0000","110.0","8.0","0.07272727272727272","0.0","0.0","4.0","1.0","3.0","0.0","0.0","0.0","0","0","0","0","0","0","0","-","-","-","-","-","-","-","-","-","-","-","-","-","-","-","-","-","-"
"1458383038727950337","https://twitter.com/EHTylQ2g0nv6J00/status/1458383038727950337","11/9
・ゲーム開発(チュートリアル学習)
・プログラミング(レイアウト修正)
・簿記学習
・問い合わせ対応

色々ゲームのアイデア練るのが楽しい😆

#やったことリスト #今日の積み上げ","2021-11-10 10:36 +0000","104.0","12.0","0.11538461538461539","0.0","1.0","8.0","0.0","0.0","0.0","3.0","0.0","0","0","0","0","0","0","0","-","-","-","-","-","-","-","-","-","-","-","-","-","-","-","-","-","-"
"1458268442126163969","https://twitter.com/EHTylQ2g0nv6J00/status/1458268442126163969","私は断捨離するとき、以下の３つで仕分けてます。
・「使うもの」と「使わないもの」
・「思い出」のあるもの
・「再入手」できるもの

以下のブログにまとめてますので、ものが捨てられない人の参考になるかもしれません。

https://t.co/8q72XKgHgT

#ブログ #断捨離","2021-11-10 03:01 +0000","78.0","2.0","0.02564102564102564","0.0","0.0","2.0","0.0","0.0","0.0","0.0","0.0","0","0","0","0","0","0","0","-","-","-","-","-","-","-","-","-","-","-","-","-","-","-","-","-","-"
"1458192763346948098","https://twitter.com/EHTylQ2g0nv6J00/status/1458192763346948098","「勉強する気がおきない😭」
そんな人にはオンライン自習室がオススメ！

・勉強している集団の同調圧力
・自分を良く見せようという見栄
から勉強が捗ります！
（…ネガティブな言い方してますが、マジでオススメです😄）

https://t.co/0r7jgtUvMd

#ブログ #オンライン自習室","2021-11-09 22:00 +0000","83.0","8.0","0.0963855421686747","0.0","0.0","4.0","0.0","4.0","0.0","0.0","0.0","0","0","0","0","0","0","0","-","-","-","-","-","-","-","-","-","-","-","-","-","-","-","-","-","-"
"1458026753994067970","https://twitter.com/EHTylQ2g0nv6J00/status/1458026753994067970","大人気の鬼滅の刃がブームになった理由を自分なりに分析してみました。
自分なりの分析結果としては、ブームの理由は以下の３つ。
・アニメのクオリティが高い
・動画配信サービスが充実
・金銭的余裕がある層にウケた
異論は認めます😇

https://t.co/nTzEQChcvF

#ブログ #鬼滅","2021-11-09 11:00 +0000","79.0","3.0","0.0379746835443038","0.0","0.0","2.0","0.0","0.0","0.0","1.0","0.0","0","0","0","0","0","0","0","-","-","-","-","-","-","-","-","-","-","-","-","-","-","-","-","-","-"
"1457909256007520259","https://twitter.com/EHTylQ2g0nv6J00/status/1457909256007520259","11/8
・プログラミング(雛形完成)

新しく作成中のゲームプログラムの雛形が完成したので、テストプレイしてみました！
システム的には大きな問題はないですが、画像や効果音は今後改善したい😅

#やったことリスト #今日の積み上げ","2021-11-09 03:13 +0000","89.0","9.0","0.10112359550561797","0.0","1.0","6.0","0.0","0.0","0.0","2.0","0.0","0","0","0","0","0","0","0","-","-","-","-","-","-","-","-","-","-","-","-","-","-","-","-","-","-"
"1457906074971955206","https://twitter.com/EHTylQ2g0nv6J00/status/1457906074971955206","(自分に)厳しいことを言います。
去年月収0円だった無職の私は、「自分は無価値な人間だ」と思ってました。
でも下のブログを書いてるうちに、自分は「無価値」よりひどい「負債」だと気づきました。
はやく「無価値な人間」になれるように頑張ります😖😖😖

https://t.co/mVYPAWD4aX

#ブログ","2021-11-09 03:01 +0000","90.0","14.0","0.15555555555555556","0.0","0.0","5.0","0.0","5.0","0.0","4.0","0.0","0","0","0","0","0","0","0","-","-","-","-","-","-","-","-","-","-","-","-","-","-","-","-","-","-"
"1457830353914118144","https://twitter.com/EHTylQ2g0nv6J00/status/1457830353914118144","「売上高」「営業利益」とか覚えるのが難しい。
そう感じたとき、自分の年収や生活費に例えれば覚えやすいのではないかと考えて作成したのが次の記事です。

https://t.co/3OV36CBVfD

自分を会社に例えれば、自分の価値が数値化できるかも？

#ブログ","2021-11-08 22:00 +0000","150.0","10.0","0.06666666666666667","0.0","0.0","6.0","1.0","2.0","0.0","1.0","0.0","0","0","0","0","0","0","0","-","-","-","-","-","-","-","-","-","-","-","-","-","-","-","-","-","-"
"1457664353033883651","https://twitter.com/EHTylQ2g0nv6J00/status/1457664353033883651","「自分は趣味がない」
そんな人は仕事も辛いと感じることが多いです。

そのような人でも仕事を辞めたいとき、何かしらやりたいことが思いつくはずです。
そのやりたいことを継続すれば、それは趣味になり、努力すれば稼げる趣味になります。

https://t.co/pvaDcNx2RM

#ブログ","2021-11-08 11:00 +0000","102.0","7.0","0.06862745098039216","0.0","0.0","4.0","0.0","1.0","0.0","2.0","0.0","0","0","0","0","0","0","0","-","-","-","-","-","-","-","-","-","-","-","-","-","-","-","-","-","-"
"1457543613504626692","https://twitter.com/EHTylQ2g0nv6J00/status/1457543613504626692","フリーランスで稼ぐために大事なものは、「稼げる自信」を持ち続けることだと考えます。

そして、自信を持つ土台となるのが成果物(実績)。
自分と他人が見てわかる実績があると、自信に繋がります。

https://t.co/mZjEjrp8Mv

#ブログ","2021-11-08 03:00 +0000","89.0","5.0","0.056179775280898875","0.0","0.0","3.0","1.0","0.0","0.0","1.0","0.0","0","0","0","0","0","0","0","-","-","-","-","-","-","-","-","-","-","-","-","-","-","-","-","-","-"
"1457504099570642948","https://twitter.com/EHTylQ2g0nv6J00/status/1457504099570642948","11/7
・ゲーム開発(チュートリアル学習)
・プログラミング(移動、ダイス処理実装)
・簿記学習
・ブログ記事予約投稿設定

新しく作成中のゲームプログラムが形になってきだした！

#やったことリスト #今日の積み上げ","2021-11-08 00:23 +0000","115.0","9.0","0.0782608695652174","0.0","1.0","3.0","0.0","0.0","0.0","5.0","0.0","0","0","0","0","0","0","0","-","-","-","-","-","-","-","-","-","-","-","-","-","-","-","-","-","-"
"1457467998005080065","https://twitter.com/EHTylQ2g0nv6J00/status/1457467998005080065","JavaScriptでテトリス製作記事の第３弾！
ここまで作れれば、後はYouTube動画を参考に完成まで進めると思います。

https://t.co/B8eLljcWiI

#ブログ #JS #テトリス","2021-11-07 22:00 +0000","504.0","9.0","0.017857142857142856","2.0","0.0","3.0","1.0","1.0","0.0","2.0","0.0","0","0","0","0","0","0","0","-","-","-","-","-","-","-","-","-","-","-","-","-","-","-","-","-","-"
"1457301978330005508","https://twitter.com/EHTylQ2g0nv6J00/status/1457301978330005508","JavaScirptでテトリス製作記事の第２弾！
YouTubeの動画を模写しているのですが、模写するだけでも勉強になります。
手打ちで模写しようとした場合、どこかでエラーは出ると思うので、原因を考えるのも理解に繋がります。

https://t.co/b7B79iQv8p

#ブログ #JS #テトリス","2021-11-07 11:00 +0000","181.0","2.0","0.011049723756906077","0.0","0.0","2.0","0.0","0.0","0.0","0.0","0.0","0","0","0","0","0","0","0","-","-","-","-","-","-","-","-","-","-","-","-","-","-","-","-","-","-"
"1457181206039171074","https://twitter.com/EHTylQ2g0nv6J00/status/1457181206039171074","未経験からブログ始めて１ヶ月後の経過報告記事。
記事数39記事で、来訪者たったの28人😢
この頃はアドセンスにも合格してなくて挫折しそうなぐらいキツかったです。

それでも1年継続した現在は、月収4桁目指せるようになりました😆
https://t.co/LvMNGZDOVY

#ブログ","2021-11-07 03:00 +0000","90.0","12.0","0.13333333333333333","0.0","0.0","6.0","4.0","2.0","0.0","0.0","0.0","0","0","0","0","0","0","0","-","-","-","-","-","-","-","-","-","-","-","-","-","-","-","-","-","-"
"1457162226507284487","https://twitter.com/EHTylQ2g0nv6J00/status/1457162226507284487","11/6
・ゲーム開発(チュートリアル学習)
・プログラミング(新規プロジェクト作成)
・商品発送手続き

作りたいゲームがあるとき、それに適したツールやプログラミング言語が思いつくぐらいの知識がほしい…

#やったことリスト #今日の積み上げ","2021-11-07 01:45 +0000","116.0","16.0","0.13793103448275862","0.0","1.0","8.0","0.0","0.0","0.0","7.0","0.0","0","0","0","0","0","0","0","-","-","-","-","-","-","-","-","-","-","-","-","-","-","-","-","-","-"
"1457105564685664264","https://twitter.com/EHTylQ2g0nv6J00/status/1457105564685664264","未経験からプログラミングを始めた方に、JavaScriptは難しい！
Progateで学んでも引数・オブジェクト・クラスって何？という状況…。

そんな方はとりあえずJavaScriptでテトリス作ってみましょう！

https://t.co/rQKjBFvUVZ

#ブログ #JS #テトリス","2021-11-06 22:00 +0000","322.0","19.0","0.059006211180124224","1.0","0.0","9.0","1.0","5.0","0.0","3.0","0.0","0","0","0","0","0","0","0","-","-","-","-","-","-","-","-","-","-","-","-","-","-","-","-","-","-"
"1456939714473234438","https://twitter.com/EHTylQ2g0nv6J00/status/1456939714473234438","私は会社勤めの時に副業に手を出しましたが、すぐに挫折しました。
脱サラ後は継続できてますが、サラリーマンが副業するなら次の３つは意識した方が良いです。
・副業は１つに絞る
・壁にぶち当たっても継続する
・初期投資は抑える

https://t.co/bODOmYZd17

#ブログ","2021-11-06 11:01 +0000","67.0","3.0","0.04477611940298507","0.0","0.0","2.0","0.0","1.0","0.0","0.0","0.0","0","0","0","0","0","0","0","-","-","-","-","-","-","-","-","-","-","-","-","-","-","-","-","-","-"
"1456847031473872902","https://twitter.com/EHTylQ2g0nv6J00/status/1456847031473872902","11/5
・ブログ1記事作成
・ゲーム開発(チュートリアル学習)
・リサーチ、仕入れ
・簿記学習

RPGツクールMZでゲーム開発に手を出し始めました！
今まで活動してきた中で、ゲーム制作が楽しかったので、活動の幅を広げていきたい。

#やったことリスト #今日の積み上げ","2021-11-06 04:52 +0000","187.0","15.0","0.08021390374331551","0.0","1.0","6.0","3.0","0.0","0.0","5.0","0.0","0","0","0","0","0","0","0","-","-","-","-","-","-","-","-","-","-","-","-","-","-","-","-","-","-"
"1456846278806040582","https://twitter.com/EHTylQ2g0nv6J00/status/1456846278806040582","朝7時投稿予定が、予約投稿設定間違えてたので、遅れて投稿しました😅","2021-11-06 04:49 +0000","56.0","0.0","0.0","0.0","0.0","0.0","0.0","0.0","0.0","0.0","0.0","0","0","0","0","0","0","0","-","-","-","-","-","-","-","-","-","-","-","-","-","-","-","-","-","-"
"1456845861187723265","https://twitter.com/EHTylQ2g0nv6J00/status/1456845861187723265","脱サラした無職が、未経験からプログラミングとブログを１ヶ月頑張った結果がコチラ。
・プログラミング：約50時間
・ブログ：約55時間
→収益：0円😂

まあこんなもんです😇

https://t.co/xpdESA14wJ","2021-11-06 04:48 +0000","58.0","2.0","0.034482758620689655","0.0","0.0","0.0","1.0","1.0","0.0","0.0","0.0","0","0","0","0","0","0","0","-","-","-","-","-","-","-","-","-","-","-","-","-","-","-","-","-","-"
"1456845804400959488","https://twitter.com/EHTylQ2g0nv6J00/status/1456845804400959488","積立NISAの投資先を「ひふみプラス」から別のファンドに変更しました。

理由はわかるかな？
答えは下の記事にて。
ヒントは「インデックスファンド」（ほぼ答え）

https://t.co/a9m7DX6gXB

#ブログ #積立NISA","2021-11-06 04:48 +0000","402.0","39.0","0.09701492537313433","0.0","1.0","7.0","2.0","25.0","0.0","4.0","0.0","0","0","0","0","0","0","0","-","-","-","-","-","-","-","-","-","-","-","-","-","-","-","-","-","-"
"1456577249524727813","https://twitter.com/EHTylQ2g0nv6J00/status/1456577249524727813","32歳貯金2000万あれば脱サラしてセミリタイア生活できるか？
…結論、わかりません😇

なので、実際に脱サラして現在自分の身で実践中です(笑)
脱サラ直後の私のセミリタイア可否の見解を記事にしてます。
https://t.co/dN4rLCh7XG
当時はデイトレで稼ぐことも考えてましたが、現在は…😇

#ブログ","2021-11-05 11:00 +0000","196.0","13.0","0.0663265306122449","0.0","0.0","1.0","4.0","7.0","0.0","1.0","0.0","0","0","0","0","0","0","0","-","-","-","-","-","-","-","-","-","-","-","-","-","-","-","-","-","-"
"1456476420209725443","https://twitter.com/EHTylQ2g0nv6J00/status/1456476420209725443","11/4
・ブログ構築支援
・ブログ記事作成途中まで
・アプリ開発(投票、結果表示機能実装)
・リサーチ、仕入れ
・簿記学習

楽天マラソン頑張るぞー

#やったことリスト #今日の積み上げ","2021-11-05 04:20 +0000","136.0","18.0","0.1323529411764706","0.0","1.0","11.0","1.0","0.0","1.0","4.0","0.0","0","0","0","0","0","0","0","-","-","-","-","-","-","-","-","-","-","-","-","-","-","-","-","-","-"
"1456456460259368977","https://twitter.com/EHTylQ2g0nv6J00/status/1456456460259368977","脱サラして無職になった後って、ダラダラ過ごしがち…（実体験）。
気づけば、「金なし😭家なし😱仕事なし😇」なんてことにも…。

無気力状態の方にオススメするのは次の３つの行動です。
・早起き
・目標設定
・習慣作り

当たり前のことかもだけど難しいです。

https://t.co/crD0KjGLCc
#ブログ","2021-11-05 03:00 +0000","79.0","4.0","0.05063291139240506","0.0","0.0","2.0","0.0","2.0","0.0","0.0","0.0","0","0","0","0","0","0","0","-","-","-","-","-","-","-","-","-","-","-","-","-","-","-","-","-","-"
"1456380941782470666","https://twitter.com/EHTylQ2g0nv6J00/status/1456380941782470666","投資初心者がデイトレードで稼ぎたいなら、まずはルールを決めよう！
私が初心者にオススメするデイトレードルールを記事にしました。

なお、私はルールを破ってしまったため、現在デイトレード休止中😇
ルールを守るって難しいです…。

https://t.co/jpBw9V9EkZ

#ブログ #デイトレ","2021-11-04 22:00 +0000","65.0","5.0","0.07692307692307693","0.0","0.0","4.0","0.0","1.0","0.0","0.0","0.0","0","0","0","0","0","0","0","-","-","-","-","-","-","-","-","-","-","-","-","-","-","-","-","-","-"
"1456214867757748225","https://twitter.com/EHTylQ2g0nv6J00/status/1456214867757748225","「お金を楽に稼ぐ方法教えます！」
こんな怪しい文言に関心を持つ人は、騙されやすいので注意しましょう。
そして、そんな怪しいタイトルで実際に記事を作ってみました(笑)

楽に稼げる＝リスクが高いという認識を持つことが重要です。

https://t.co/YXuyYECwN2

#ブログ","2021-11-04 11:00 +0000","67.0","6.0","0.08955223880597014","0.0","0.0","3.0","2.0","1.0","0.0","0.0","0.0","0","0","0","0","0","0","0","-","-","-","-","-","-","-","-","-","-","-","-","-","-","-","-","-","-"
"1456124853669359621","https://twitter.com/EHTylQ2g0nv6J00/status/1456124853669359621","11/2,3
・案件対応
・1記事リライト
・ゲームプログラミング
・帳簿管理
・簿記学習

今月は1日ブログ3記事をツイートする月間！
来月の活動報告にて、ブログとSNSの相乗効果を検証する予定です。

#やったことリスト #今日の積み上げ","2021-11-04 05:03 +0000","139.0","15.0","0.1079136690647482","1.0","1.0","9.0","0.0","0.0","0.0","4.0","0.0","0","0","0","0","0","0","0","-","-","-","-","-","-","-","-","-","-","-","-","-","-","-","-","-","-"
"1456123683315994632","https://twitter.com/EHTylQ2g0nv6J00/status/1456123683315994632","添付する記事間違えてました💦
コチラになります。

https://t.co/QOAVJkD004

#ブログ","2021-11-04 04:58 +0000","38.0","2.0","0.05263157894736842","0.0","0.0","2.0","0.0","0.0","0.0","0.0","0.0","0","0","0","0","0","0","0","-","-","-","-","-","-","-","-","-","-","-","-","-","-","-","-","-","-"
"1456094455027666945","https://twitter.com/EHTylQ2g0nv6J00/status/1456094455027666945","私が会社を退職した理由と今後の展望についてまとめた記事です。
ザックリとしてて甘えた考えだと今見ても思いますが、会社を辞めたい方の多くはこんな感覚だとも思っています。

退職して1年以上経過した今は、継続と年収100万円の難しさを痛感しています😇

https://t.co/bqiCgS7m1h

#ブログ","2021-11-04 03:02 +0000","92.0","7.0","0.07608695652173914","0.0","1.0","2.0","0.0","3.0","0.0","1.0","0.0","0","0","0","0","0","0","0","-","-","-","-","-","-","-","-","-","-","-","-","-","-","-","-","-","-"
"1456018429924704258","https://twitter.com/EHTylQ2g0nv6J00/status/1456018429924704258","「退職したい」
「この仕事は自分に向いていない」
脱サラ前に四六時中考えていたことですが、もっと理由を深掘りした方が良いと考え、退職理由の「なぜなぜ分析」をした記事です。

結論として、成果が確認しにくく、仕事量が多いことが退職の大きな理由でした。

https://t.co/bqiCgSoWSP

#ブログ","2021-11-03 22:00 +0000","118.0","11.0","0.09322033898305085","0.0","0.0","4.0","1.0","5.0","0.0","1.0","0.0","0","0","0","0","0","0","0","-","-","-","-","-","-","-","-","-","-","-","-","-","-","-","-","-","-"
"1455852472820436995","https://twitter.com/EHTylQ2g0nv6J00/status/1455852472820436995","ブログを始めた当初の、ペルソナ設定や記事の内容に関する構想をまとめた記事です。

ブログ始めたばかりで、ペルソナも記事もグダグダ。
当時と現在で異なる部分もあります。
パーマリンク設定もできていない💦
今となっては反省のために残している記事です(笑)

https://t.co/kzMbzvqRmF

#ブログ","2021-11-03 11:00 +0000","89.0","5.0","0.056179775280898875","0.0","0.0","5.0","0.0","0.0","0.0","0.0","0.0","0","0","0","0","0","0","0","-","-","-","-","-","-","-","-","-","-","-","-","-","-","-","-","-","-"
"1455732195830558720","https://twitter.com/EHTylQ2g0nv6J00/status/1455732195830558720","退職した後、これをやっておけば良かったなぁと後悔したことを記事にまとめました。

これから退職しようとしている方に目を通してもらいたい記事です。

https://t.co/vw7DPGfIG6

#ブログ","2021-11-03 03:02 +0000","42.0","1.0","0.023809523809523808","0.0","0.0","1.0","0.0","0.0","0.0","0.0","0.0","0","0","0","0","0","0","0","-","-","-","-","-","-","-","-","-","-","-","-","-","-","-","-","-","-"
"1455656113928540160","https://twitter.com/EHTylQ2g0nv6J00/status/1455656113928540160","脱サラ後、フリーランスになるために準備したことを記事にしました。

「なぜフリーランスになりたいのか？」
「どのように稼ぎたいのか？」

それらも重要ですが、一番初めに「どのように生きたいか？」を明確化しておかないといけないと強く感じた体験記事です。
https://t.co/2EryWP4ALQ
#ブログ","2021-11-02 22:00 +0000","56.0","7.0","0.125","0.0","0.0","4.0","0.0","3.0","0.0","0.0","0.0","0","0","0","0","0","0","0","-","-","-","-","-","-","-","-","-","-","-","-","-","-","-","-","-","-"
"1455490063362519040","https://twitter.com/EHTylQ2g0nv6J00/status/1455490063362519040","ブログ始めた頃の投資に関する記事です。
親族がボッタクリに近い投資信託に手を出していたので止めさせました。
その時の体験を記事にしています。

投資信託の投資手法は問題なくても、問題は手数料！
手数料が高いと投資利益は吹き飛ぶので注意しましょう。

https://t.co/GRGnRrInlO

#ブログ","2021-11-02 11:00 +0000","64.0","4.0","0.0625","0.0","0.0","3.0","0.0","1.0","0.0","0.0","0.0","0","0","0","0","0","0","0","-","-","-","-","-","-","-","-","-","-","-","-","-","-","-","-","-","-"
"1455444613683048452","https://twitter.com/EHTylQ2g0nv6J00/status/1455444613683048452","@capybara_free 桁が1つ増えてる気がする身に覚えのない請求と、高すぎる督促料に震えてます…😵‍💫😵‍💫😵‍💫🥒","2021-11-02 08:00 +0000","27.0","3.0","0.1111111111111111","0.0","1.0","1.0","0.0","0.0","0.0","1.0","0.0","0","0","0","0","0","0","0","-","-","-","-","-","-","-","-","-","-","-","-","-","-","-","-","-","-"
"1455401140498042882","https://twitter.com/EHTylQ2g0nv6J00/status/1455401140498042882","@capybara_free 「お金稼ぐのが面倒くさいので、稼いできてください」
そんな依頼をフリーランスに出せば、何もしなくても稼げるように…🤑🤑🤑

1万円払うので、代わりに10万円稼いできてください！(何かおかしいw)","2021-11-02 05:07 +0000","45.0","4.0","0.08888888888888889","0.0","1.0","2.0","0.0","0.0","0.0","1.0","0.0","0","0","0","0","0","0","0","-","-","-","-","-","-","-","-","-","-","-","-","-","-","-","-","-","-"
"1455384029545390082","https://twitter.com/EHTylQ2g0nv6J00/status/1455384029545390082","まずは私のプロフィール記事から紹介します。
去年脱サラして、無職から個人で稼ぐための活動を1年以上続けています。
1年活動して、ブログ・プログラミング・せどり・コンサルで0→1円は達成できました！
ブログでは、私の稼ぐ活動や日常、体験を記事にしています。

https://t.co/c2DaBKyWOa","2021-11-02 03:59 +0000","62.0","1.0","0.016129032258064516","0.0","0.0","0.0","0.0","1.0","0.0","0.0","0.0","0","0","0","0","0","0","0","-","-","-","-","-","-","-","-","-","-","-","-","-","-","-","-","-","-"
"1455383091942289408","https://twitter.com/EHTylQ2g0nv6J00/status/1455383091942289408","11/1時点の私の月間状況は以下のとおり。

■ブログ
・ユーザー：2991
・PV：4641
・検索アクセス：2771
・SNSからの流入：4

■SNS（ツイッター）
・フォロー：96
・フォロワー：138","2021-11-02 03:55 +0000","152.0","11.0","0.07236842105263158","1.0","1.0","0.0","0.0","0.0","0.0","9.0","0.0","0","0","0","0","0","0","0","-","-","-","-","-","-","-","-","-","-","-","-","-","-","-","-","-","-"
"1455380657459240962","https://twitter.com/EHTylQ2g0nv6J00/status/1455380657459240962","ブログとSNSは相性が良い！
良く言われることだけど、きちんと数字で分析してる人は少ない印象。

…ということで、ブログとSNSの効果調査を実施することにしました！
今日から今月中、毎日ブログ3記事(朝・昼・晩)紹介ツイートすることで、ブログのアクセスがどのように変化するか調べていきます！","2021-11-02 03:46 +0000","80.0","5.0","0.0625","0.0","1.0","1.0","0.0","0.0","0.0","3.0","0.0","0","0","0","0","0","0","0","-","-","-","-","-","-","-","-","-","-","-","-","-","-","-","-","-","-"
"1455376489302478850","https://twitter.com/EHTylQ2g0nv6J00/status/1455376489302478850","11/1
・案件対応
・問い合わせ対応
・1記事リライト

SWELL記事内のカスタムCSSの適用範囲が分からず、記事内のカスタムHTMLブロックに直接CSSとJavaScriptをぶち込むことにした😗

#やったことリスト #今日の積み上げ","2021-11-02 03:29 +0000","92.0","11.0","0.11956521739130435","0.0","1.0","6.0","0.0","0.0","1.0","3.0","0.0","0","0","0","0","0","0","0","-","-","-","-","-","-","-","-","-","-","-","-","-","-","-","-","-","-"
